rank,app_id,applicant,company,program,s1_result,s1_docs_present,s1_missing_docs,s1_license_valid,s1_license_issue,s1_sector_ok,s1_notes,score_financial_25,score_technical_40,score_sector_20,score_impact_15,total_score_100,recommendation,strengths,weaknesses,flags,final_summary,ground_truth_flaw
1,APP-MANUAL-001,mock-application-start-business-AR,,start-business,INCOMPLETE,?,?,?,?,?,,20,35,18,14,87,INVITE,المشروع يمتلك خططاً قوية للانتاج والتسويق، مع خبرة مؤسس في مجال الصناعات الغذائية.,يوجد نقص في الرخص التشغيلية الحالية التي ستنتهي قبل نهاية فترات التنفيذ.,رخصة المهن يجب أن تتم تجديدها أو الحصول عليها قبل بدء المشروع.,"REVIEW:

أبرز نقاط القوة: يمتلك المشروع خططاً قوية للانتاج والتسويق، مع خبرة مؤسس في مجال الصناعات الغذائية.

أبرز المخاوف: يوجد نقص في الرخص التشغيلية الحالية التي ستنتهي قبل نهاية فترات التنفيذ.

التوصية للجنة: يتم مراجعة الطلب لمعالجة مشكلة رخصة التشغيل وإكمال المستندات اللازمة.",
2,APP-MANUAL-002,mock-application-tattweer-AR,,tattweer,PASS,نعم,لا يوجد,نعم,لا يوجد,نعم,الشركة متوافقة مع جميع الشروط الإدارية والفنية المطلوبة.,20,35,18,14,87,INVITE,المشروع يمتلك خططاً قوية للانتاج والتسويق، مع طلب استيراد ثابت من شريك سعودي.,هناك نقص في الماكينات الحالية وقلة التغليف المستوفى للمعايير الدولية.,رخصة التشغيل يجب تجديدها قبل الموافقة النهائية.,"REVIEW:

أبرز نقاط القوة: يمتلك المشروع خططاً قوية للانتاج والتسويق، مع طلب استيراد ثابت من شريك سعودي.

أبرز المخاوف أو الأسباب: هناك نقص في الماكينات الحالية وقلة التغليف المستوفى للمعايير الدولية، بالإضافة إلى الحاجة لتجديد رخصة التشغيل قبل الموافقة النهائية.",
